symbol,name,cap,close,score
20MICRONS,20 Microns Limited,Microcap,208.13,6
3MINDIA,3M India Ltd.,Midcap,33470.0,6
AADHARHFC,Aadhar Housing Finance Limited,Smallcap,507.95,6
ABCAPITAL,Aditya Birla Capital Ltd,Midcap,396.0,6
ABDL,Allied Blenders and Distillers Limited,Smallcap,628.9,6
ABSLAMC,Aditya Birla Sun Life AMC Limited,Smallcap,1199.3,6
ACMESOLAR,ACME Solar Holdings Limited,Smallcap,356.1,6
ACUTAAS,ACUTAAS CHEMICALS LIMITED,Smallcap,3265.0,6
ADFFOODS,ADF Foods Limited.,Microcap,307.05,6
ADOR,Ador Welding Ltd.,Microcap,1228.1,6
AEGISLOG,Aegis Logistics Ltd.,Smallcap,1059.85,6
AEQUS,Aequs Limited,Microcap,229.29,6
AEROENTER,AEROFLEX ENTERPRISES LIMITED,Microcap,143.2,6
AETHER,Aether Industries Limited,Microcap,1340.8,6
AGARWALEYE,Dr. Agarwal's Health Care Limited,Smallcap,480.7,6
AHCL,ANLON HEALTHCARE LIMITED,Microcap,16.21,6
AIAENG,AIA Engineering Ltd.,Smallcap,4860.9,6
AIIL,Authum Investment & Infrastructure Limited,Midcap,547.0,6
AJANTPHARM,Ajanta Pharma Ltd.,Smallcap,3221.6,6
AKUMS,Akums Drugs and Pharmaceuticals Limited,Microcap,613.55,6
ALIVUS,ALIVUS LIFE SCIENCES LIMITED,Microcap,1121.7,6
ALKEM,Alkem Laboratories Limited,Midcap,5447.0,6
AMBER,Amber Enterprises India Limited,Smallcap,7841.5,6
AMBIKCO,Ambika Cotton Mills Ltd.,Microcap,1782.1,6
ANANDRATHI,Anand Rathi Wealth Limited,Smallcap,1909.1,6
ANUP,The Anup Engineering Ltd,Microcap,2291.6,6
APARINDS,Apar Industries Ltd,Midcap,16650.0,6
ARTEMISMED,Artemis Medicare Services Limited,Microcap,267.35,6
ARVIND,Arvind Ltd.,Microcap,544.9,6
ARVINDFASN,Arvind Fashions Limited,Microcap,474.0,6
ARVSMART,Arvind SmartSpaces Limited,Microcap,608.0,6
ASHIANA,Ashiana Housing Limited,Microcap,381.25,6
ASIANENE,ASIAN ENERGY SERVICES LTD,Microcap,370.1,6
ASTRAMICRO,Astra Microwave Products Ltd.,Microcap,1660.6,6
AUBANK,AU Small Finance Bank Limited,Midcap,1063.4,6
AUROPHARMA,Aurobindo Pharma Ltd.,Midcap,1537.4,6
AURUM,Aurum PropTech Limited,Microcap,212.77,6
AVALON,Avalon Technologies Limited,Microcap,1743.0,6
AVL,Aditya Vision Limited,Microcap,640.0,6
BANDHANBNK,Bandhan Bank Limited,Smallcap,212.29,6
BDL,Bharat Dynamics Limited,Midcap,1392.3,6
BELRISE,BELRISE INDUSTRIES LIMITED,Smallcap,246.15,6
BETA,Beta Drugs Ltd.,Microcap,2160.4,6
BHAGCHEM,Bhagiradha Chemicals and Industries,Microcap,285.41,6
BHARATFORG,Bharat Forge Ltd,Midcap,2113.7,6
BHEL,Bharat Heavy Electricals Ltd.,Midcap,403.7,6
BIOCON,Biocon Ltd.,Midcap,421.8,6
BLUESTONE,BlueStone Jewellery and Lifestyle Limited,Microcap,534.4,6
BLUSPRING,Bluspring Enterprises Limited,Microcap,115.0,6
BORORENEW,BOROSIL RENEWABLES LIMITED,Microcap,598.0,6
BOROSCI,Borosil Scientific Limited,Microcap,155.61,6
CANFINHOME,Can Fin Homes Ltd.,Microcap,886.35,6
CAPLIPOINT,Caplin Point Laboratories Ltd.,Smallcap,2511.5,6
CARRARO,CARRARO INDIA LIMITED,Microcap,571.9,6
CARTRADE,CarTrade Tech Limited,Smallcap,2608.6,6
CARYSIL,CARYSIL LIMITED,Microcap,1185.0,6
CCCL,Consolidated Construction Consortium Ltd,Microcap,17.94,6
CCL,CCL Products (India) Ltd.,Smallcap,1165.2,6
CEIGALL,Ceigall India Limited,Microcap,379.75,6
CEMPRO,Cemindia Projects Limited,Smallcap,1239.8,6
CENTENKA,Century Enka Ltd.,Microcap,523.0,6
CENTUM,Centum Electronics Ltd,Microcap,3664.7,6
CHALET,Chalet Hotels Limited,Smallcap,823.8,6
CHOICEIN,Choice International Ltd,Smallcap,713.7,6
CIEINDIA,CIE Automotive India Limited,Smallcap,469.7,6
CLSEL,Chaman Lal Setia Exports Ltd.,Microcap,293.2,6
CNL,CREATIVE NEWTECH LIMITED,Microcap,741.95,6
COFORGE,COFORGE LIMITED,Midcap,1495.9,6
CONFIPET,Confidence Petroleum India Limited,Microcap,71.52,6
CORONA,Corona Remedies Limited,Microcap,1946.8,6
COSMOFIRST,Cosmo First Limited,Microcap,811.7,6
CPPLUS,Aditya Infotech Limited,Smallcap,3594.6,6
CREDITACC,CreditAccess Grameen Ltd.,Smallcap,1438.8,6
CUB,City Union Bank Ltd,Smallcap,202.55,6
CUPID,Cupid Limited,Microcap,178.87,6
DATAMATICS,Datamatics Global Services Limited,Microcap,810.05,6
DBL,Dilip Buildcon Limited,Microcap,461.95,6
DCBBANK,DCB Bank Limited,Microcap,186.0,6
DDEVPLSTIK,DDEV PLASTIKS INDUSTRIES LIMITED,Microcap,282.39,6
DEEPAKFERT,Deepak Fertilizers &Petrochemicals,Smallcap,1598.4,6
DELHIVERY,Delhivery Limited,Smallcap,480.5,6
DENTA,Denta Water and Infra Solutions Limited,Microcap,320.0,6
DHANBANK,Dhanlaxmi Bank Limited,Microcap,34.55,6
DIFFNKG,Diffusion Engineers Limited,Microcap,385.0,6
DIVGIITTS,DIVGI TORQTRANSFER SYSTEMS LIMITED,Microcap,857.3,6
DLINKINDIA,D-Link (India) Ltd,Microcap,518.0,6
E2E,E2E Networks Ltd.,Microcap,427.5,6
EBGNG,GNG Electronics Limited,Microcap,529.0,6
EDELWEISS,Edelweiss Financial Services Ltd.,Microcap,126.33,6
EIEL,ENVIRO INFRA ENGINEERS LIMITED,Microcap,220.16,6
EIFFL,Euro India Fresh Foods Ltd.,Microcap,340.8,6
ELECTHERM,Electrotherm (India) Ltd,Microcap,1092.85,6
EMCURE,Emcure Pharmaceuticals Limited,Smallcap,1838.5,6
ENDURANCE,Endurance Technologies Limited,Midcap,2693.9,6
ENGINERSIN,Engineers India Ltd.,Microcap,254.35,6
EQUITASBNK,Equitas Small Finance Bank Limited,Microcap,77.6,6
ERIS,Eris Lifesciences Limited,Smallcap,1470.6,6
EVEREADY,Eveready Industries India Ltd.,Microcap,373.0,6
EXIDEIND,Exide Industries Ltd.,Smallcap,397.85,6
FAZE3Q,Faze Three Ltd.,Microcap,619.1,6
FEDERALBNK,Federal Bank Ltd.,Midcap,325.9,6
FINEORG,Fine Organic Industries Limited,Smallcap,5263.2,6
FLUOROCHEM,Gujarat Fluorochemicals Limited,Midcap,3903.8,6
FMGOETZE,Federal-Mogul Goetze (India) Ltd,Microcap,462.45,6
FORTIS,Fortis Healthcare Ltd,Midcap,971.2,6
FOSECOIND,Foseco India Ltd,Microcap,5286.2,6
GABRIEL,Gabriel India Ltd.,Smallcap,1233.0,6
GAEL,Gujarat Ambuja Exports Ltd.,Microcap,162.0,6
GALAPREC,Gala Precision Engineering Limited,Microcap,1120.5,6
GANDHAR,Gandhar Oil Refinery (India) Limited,Microcap,181.44,6
GANDHITUBE,Gandhi Special Tubes Ltd.,Microcap,855.35,6
GARUDA,Garuda Construction and Engineering Limited,Microcap,188.67,6
GEECEE,GeeCee Ventures Limited,Microcap,350.05,6
GENUSPOWER,Genus Power Infrastructures Ltd,Microcap,344.75,6
GEOJITFSL,Geojit Financial Services Limited,Microcap,79.5,6
GESHIP,Great Eastern Shipping Co. Ltd.,Smallcap,1493.0,6
GHCLTEXTIL,GHCL Textiles Limited,Microcap,96.3,6
GLAND,Gland Pharma Limited,Smallcap,2326.9,6
GLOSTERLTD,Gloster Ltd,Microcap,731.25,6
GMRAIRPORT,GMR Airports Limited,Midcap,108.49,6
GNA,G N A Axles Limited,Microcap,423.0,6
GODREJIND,Godrej Industries Ltd.,Midcap,1159.0,6
GOKEX,Gokaldas Exports Ltd,Microcap,853.45,6
GOODLUCK,Goodluck India Limited,Microcap,1424.3,6
GPTINFRA,GPT Infraprojects limited,Microcap,133.11,6
GRAVITA,GRAVITA INDIA LIMITED,Smallcap,1728.1,6
GREAVESCOT,Greaves Cotton Ltd.,Microcap,216.49,6
GREENLAM,Greenlam Industries Ltd,Microcap,257.5,6
GREENPLY,Greenply Industries Ltd,Microcap,296.0,6
GRINDWELL,Grindwell Norton Ltd.,Smallcap,2134.9,6
GROWW,Billionbrains Garage Ventures Limited,Midcap,199.98,6
GUFICBIO,Gufic BioSciences Ltd.,Microcap,366.85,6
GUJTHEM,Gujarat Themis Biosyn Ltd.,Microcap,401.0,6
GVPIL,GE Power India Limited,Microcap,1023.35,6
HAPPYFORGE,Happy Forgings Limited,Microcap,1535.3,6
HARDWYN,HARDWYN INDIA LIMITED,Microcap,25.48,6
HBLENGINE,HBL ENGINEERING LIMITED,Smallcap,821.45,6
HCC,Hindustan Construction Co. Ltd.,Microcap,27.45,6
HESTERBIO,Hester Biosciences Ltd,Microcap,2262.7,6
HFCL,HFCL LIMITED,Microcap,202.48,6
HINDPETRO,Hindustan Petroleum Corporation Ltd,Midcap,408.05,6
HIRECT,Hind Rectifiers Ltd.,Microcap,1147.0,6
HMT,HMT Limited,Microcap,69.0,6
HNDFDS,Hindustan Foods Ltd.,Microcap,559.4,6
HOMEFIRST,Home First Finance Company India Limited,Smallcap,1170.0,6
HONAUT,Honeywell Automation India Ltd.,Smallcap,39060.0,6
ICEMAKE,Ice Make Refrigeration Ltd.,Microcap,785.75,6
ICIL,Indo Count Industries Ltd,Microcap,430.4,6
IDBI,IDBI Bank Ltd,Midcap,86.9,6
IDFCFIRSTB,IDFC FIRST BANK LIMITED,Midcap,79.35,6
IGARASHI,Igarashi Motors India Ltd.,Microcap,485.0,6
IIFL,IIFL FINANCE LIMITED,Smallcap,536.0,6
IKS,INVENTURUS KNOWLEDGE SOLUTIONS LIMITED,Smallcap,1732.6,6
IMPAL,INDIA MOTOR PARTS & ACCESSORIES LTD,Microcap,1117.1,6
INDNIPPON,India Nippon Electricals Ltd,Microcap,949.7,6
INDOAMIN,Indo Amines Ltd.,Microcap,139.87,6
INDOBORAX,Indo Borax & Chemicals Ltd.,Microcap,387.3,6
INDORAMA,Indo Rama Synthetics (India) Ltd.,Microcap,45.8,6
INDOSTAR,IndoStar Capital Finance Limited,Microcap,259.39,6
INDOTECH,Indo Tech Transformers Limited,Microcap,2905.3,6
INDSWFTLAB,Ind-Swift Laboratories Ltd.,Microcap,194.75,6
INGERRAND,Ingersoll-Rand (India) Ltd.,Smallcap,4618.5,6
INNOVACAP,INNOVA CAPTAB LIMITED,Microcap,941.3,6
INOXGREEN,INOX GREEN ENERGY SERVICES LIMITED,Microcap,199.07,6
INOXINDIA,INOX India Limited,Microcap,1990.6,6
IOLCP,IOL Chemicals & Pharmaceuticals Ltd,Microcap,131.58,6
IPCALAB,Ipca Laboratories Ltd.,Midcap,1631.8,6
IVALUE,IVALUE INFOSOLUTIONS LIMITED,Microcap,273.67,6
JAGSNPHARM,Jagsonpal Pharmaceuticals Limited,Microcap,230.0,6
JAMNAAUTO,Jamna Auto Industries Ltd.,Microcap,133.1,6
JASH,Jash Engineering Ltd.,Microcap,533.2,6
JAYBARMARU,Jay Bharat Maruti Ltd.,Microcap,166.0,6
JBCHEPHARM,J.B. Chemicals & Pharmaceuticals Lt,Smallcap,2229.8,6
JINDALSAW,Jindal Saw Ltd.,Smallcap,257.9,6
JLHL,Jupiter Life Line Hospitals Limited,Microcap,1367.8,6
JNKINDIA,JNK India Limited,Microcap,490.25,6
JSWINFRA,JSW Infrastructure Limited,Midcap,339.05,6
JTLIND,JTL INDUSTRIES LIMITED,Microcap,78.18,6
JUBLCPL,Jubilant Agri and Consumer Products Limited,Microcap,1996.3,6
KAJARIACER,Kajaria Ceramics Ltd,Smallcap,1194.3,6
KAPSTON,Kapston Services Ltd.,Microcap,371.6,6
KARURVYSYA,Karur Vysya Bank Ltd.,Smallcap,295.1,6
KDDL,KDDL Ltd,Microcap,3243.9,6
KERNEX,Kernex Microsystems (India) Ltd.,Microcap,2021.8,6
KICL,Kalyani Investment Company Limited,Microcap,5401.0,6
KILITCH,Kilitch Drugs (I) Ltd.,Microcap,189.38,6
KIRLOSBROS,Kirloskar Brothers Ltd.,Smallcap,2025.0,6
KIRLOSENG,Kirloskar Oil Engines Limited,Smallcap,2545.1,6
KIRLOSIND,Kirloskar Industries Ltd,Microcap,4059.0,6
KMEW,Knowledge Marine & Engineering Works Limited,Microcap,2373.4,6
KOPRAN,Kopran Ltd.,Microcap,198.0,6
KPIL,KALPATARU PROJECTS INTERNATIONAL LIMITED,Smallcap,1420.0,6
KPRMILL,K.P.R. Mill Ltd.,Midcap,1241.3,6
KRBL,KRBL Ltd.,Microcap,385.45,6
KRISHANA,Krishana Phoschem Ltd.,Microcap,713.45,6
KSB,KSB LIMITED,Smallcap,945.85,6
KSL,Kalyani Steels Ltd,Microcap,823.6,6
LAURUSLABS,Laurus Labs Limited,Midcap,1455.7,6
LENSKART,Lenskart Solutions Limited,Midcap,519.1,6
LIKHITHA,Likhitha Infrastructure Limited,Microcap,255.0,6
LLOYDSENGG,LLOYDS ENGINEERING WORKS LIMITED,Microcap,87.08,6
LLOYDSENT,LLOYDS ENTERPRISES LIMITED,Microcap,76.8,6
LTF,L&T Finance Limited,Midcap,297.45,6
LUPIN,Lupin Ltd,Midcap,2379.0,6
MACPOWER,Macpower CNC Machines Ltd.,Microcap,1160.05,6
MAHABANK,Bank of maharashtra,Midcap,88.74,6
MAHLOG,Mahindra Logistics Limited,Microcap,381.45,6
MAHSEAMLES,Maharashtra Seamless Ltd.,Microcap,648.55,6
MANAPPURAM,Manappuram Finance Limited,Smallcap,320.3,6
MANBA,Manba Finance Limited,Microcap,131.9,6
MANGLMCEM,Mangalam Cement Ltd.,Microcap,905.35,6
MANINDS,Man Industries (India) Ltd,Microcap,596.5,6
MANKIND,Mankind Pharma Limited,Midcap,2500.0,6
MANORAMA,Manorama Industries Limited,Microcap,1605.3,6
MARICO,Marico Limited,Midcap,822.0,6
MARINE,Marine Electricals (India) Ltd.,Microcap,280.25,6
MARKSANS,Marksans Pharma Ltd.,Microcap,263.86,6
MASFIN,MAS Financial Services Limited,Microcap,316.0,6
MAZDA,Mazda Ltd.,Microcap,246.28,6
MBAPL,Madhya Bharat Agro Products Ltd.,Microcap,563.05,6
MEDANTA,Global Health Limited,Midcap,1318.9,6
MEESHO,Meesho Limited,Midcap,187.38,6
METROPOLIS,Metropolis Healthcare Limited,Microcap,546.6,6
MIDWESTLTD,Midwest Limited,Microcap,1293.5,6
MINDACORP,Minda Corporation Limited,Smallcap,662.05,6
MIRCELECTR,Mirc Electronics Ltd,Microcap,41.07,6
MMP,MMP Industries Ltd.,Microcap,277.05,6
MODISONLTD,MODISON LIMITED,Microcap,334.85,6
MOLDTKPAC,Mold-Tek Packaging Limited,Microcap,700.0,6
MONARCH,Monarch Networth Capital Limited,Microcap,348.45,6
MOREPENLAB,Morepen Laboratories Ltd.,Microcap,51.95,6
MSTCLTD,MSTC Limited,Microcap,672.3,6
MUFIN,MUFIN GREEN FINANCE LIMITED,Microcap,129.99,6
MUTHOOTMF,Muthoot Microfin Limited,Microcap,206.43,6
NACLIND,NACL Industries Limited,Microcap,200.44,6
NAHARINDUS,Nahar Industrial Enterprises Ltd,Microcap,119.45,6
NAHARSPING,Nahar Spinning Mills Ltd.,Microcap,260.0,6
NAVINFLUOR,Navin Fluorine International Limited,Smallcap,7650.0,6
NAVKARCORP,Navkar Corporation Limited,Microcap,114.88,6
NETWEB,NETWEB TECHNOLOGIES INDIA LIMITED,Smallcap,5037.4,6
NEULANDLAB,Neuland Laboratories Limited.,Smallcap,18130.0,6
NGLFINE,NGL Fine Chem Ltd.,Microcap,3072.7,6
NH,Narayana Hrudayalaya Limited,Midcap,1956.6,6
NHPC,NHPC Limited,Midcap,80.21,6
NINSYS,NINtec Systems Limited,Microcap,772.0,6
NITCO,Nitco Ltd.,Microcap,112.59,6
NITINSPIN,Nitin Spinners Ltd.,Microcap,571.0,6
NIVABUPA,NIVA BUPA HEALTH INSURANCE COMPANY LIMITED,Smallcap,86.68,6
NORTHARC,Northern Arc Capital Ltd.,Microcap,295.95,6
NPST,Network People Services Technologies Limited,Microcap,1635.4,6
NRAIL,N.R.Agarwal Industries Ltd.,Microcap,461.1,6
NRBBEARING,NRB Bearings Ltd.,Microcap,429.3,6
NUVAMA,Nuvama Wealth Management Limited,Smallcap,1749.0,6
NYKAA,FSN E-Commerce Ventures Limited,Midcap,307.4,6
OBEROIRLTY,OBEROI REALTY LIMITED,Midcap,1761.7,6
OFSS,Oracle Financial Services Software Limited,Midcap,10175.0,6
OLECTRA,OLECTRA GREENTECH LIMITED,Microcap,1489.0,6
ORBTEXP,Orbit Exports Ltd.,Microcap,246.21,6
ORCHPHARMA,Orchid Pharma Limited,Microcap,996.0,6
ORIENTHOT,Oriental Hotels Ltd.,Microcap,138.61,6
PACEDIGITK,Pace Digitek Limited,Microcap,208.19,6
PAGEIND,Page Industries Ltd.,Midcap,40630.0,6
PAISALO,PAISALO DIGITAL LIMITED,Microcap,59.22,6
PANACEABIO,Panacea Biotec Ltd.,Microcap,551.15,6
PARKHOSPS,PARK MEDI WORLD LIMITED,Microcap,288.0,6
PETRONET,PETRONET LNG LTD.,Midcap,289.25,6
PGHL,PROCTER & GAMBLE HEALTH LIMITED,Microcap,6259.0,6
PGIL,Pearl Global Industries Limited,Microcap,2063.4,6
PHOENIXLTD,The Phoenix Mills Ltd.,Midcap,1902.0,6
PIRAMALFIN,Piramal Finance Limited,Midcap,2093.0,6
PITTIENG,PITTI ENGINEERING LIMITED,Microcap,996.0,6
PNBHOUSING,PNB Housing Finance Limited,Smallcap,1041.7,6
POCL,Pondy Oxides & Chemicals Limited,Microcap,1361.0,6
POKARNA,Pokarna Ltd.,Microcap,1080.4,6
POONAWALLA,POONAWALLA FINCORP LIMITED,Midcap,427.2,6
PRECWIRE,Precision Wires India ltd.,Microcap,436.0,6
PRESTIGE,Prestige Estates Projects Limited,Midcap,1530.1,6
PRICOLLTD,Pricol Limited,Microcap,592.2,6
PRIVISCL,PRIVI SPECIALITY CHEMICALS LIMITED,Microcap,3609.7,6
PSPPROJECT,PSP Projects Limited,Microcap,998.75,6
PTL,PTL Enterprises Ltd,Microcap,42.85,6
PWL,Physicswallah Limited,Midcap,126.19,6
QUADFUTURE,Quadrant Future Tek Limited,Microcap,426.95,6
RACLGEAR,RACL Geartech Limited,Microcap,1334.0,6
RADICO,Radico Khaitan Ltd.,Midcap,3764.9,6
RAMCOIND,Ramco Industries Ltd,Microcap,305.0,6
RAMCOSYS,Ramco Systems Ltd,Microcap,665.05,6
RAMRAT,Ram Ratna Wires Ltd.,Microcap,420.0,6
RATNAMANI,Ratnamani Metals & Tubes Ltd,Smallcap,2733.3,6
RATNAVEER,Ratnaveer Precision Engineering Limited,Microcap,183.13,6
RBA,Restaurant Brands Asia Limited,Microcap,79.12,6
RBLBANK,RBL Bank Limited,Smallcap,372.95,6
REDINGTON,Redington Limited,Smallcap,281.06,6
REFEX,Refex Industries Limited,Microcap,339.05,6
RELIGARE,Religare Enterprises Ltd,Microcap,276.76,6
RELTD,RAVINDRA ENERGY LIMITED,Microcap,161.93,6
RISHABH,Rishabh Instruments Limited,Microcap,585.85,6
RITCO,Ritco Logistics Limited,Microcap,270.0,6
RML,Rane (Madras)  Ltd.,Microcap,1072.1,6
ROTO,Roto Pumps Ltd.,Microcap,76.87,6
RPGLIFE,RPG Life Sciences Limited,Microcap,2301.1,6
RPTECH,Rashi Peripherals Limited,Microcap,751.0,6
RRKABEL,R R KABEL LIMITED,Smallcap,2402.7,6
RSWM,RSWM Limited,Microcap,202.99,6
RUBICON,RUBICON RESEARCH LIMITED,Microcap,1413.4,6
SAATVIKGL,Saatvik Green Energy Limited,Microcap,470.0,6
SAKAR,Sakar Healthcare Ltd.,Microcap,834.0,6
SAMBHV,SAMBHV STEEL TUBES LIMITED,Microcap,113.64,6
SAMHI,Samhi Hotels Limited,Microcap,184.42,6
SANATHAN,Sanathan Textiles Limited,Microcap,446.15,6
SANGAMIND,Sangam (India) Ltd,Microcap,554.0,6
SANSERA,Sansera Engineering Limited,Microcap,3173.7,6
SANSTAR,SANSTAR LIMITED,Microcap,131.4,6
SAREGAMA,Saregama India Ltd.,Microcap,468.7,6
SARLAPOLY,Sarla Performance Fibers Ltd,Microcap,99.12,6
SASTASUNDR,Sastasundar Ventures Limited,Microcap,317.9,6
SATIN,SATIN CREDITCARE NETWORK LIMITED,Microcap,240.5,6
SBC,SBC EXPORTS LIMITED,Microcap,41.77,6
SBCL,Shivalik Bimetal Controls Ltd.,Microcap,757.4,6
SCHNEIDER,SCHNEIDER ELECTRIC INFRASTRUCTURE LIMITED,Smallcap,1397.1,6
SCI,Shipping Corporation Of India Ltd,Microcap,322.65,6
SFL,Sheela Foam Limited,Microcap,728.5,6
SHILCTECH,Shilchar Technologies Ltd.,Microcap,4583.2,6
SHILPAMED,Shilpa Medicare Ltd.,Microcap,583.75,6
SHREEPUSHK,Shree Pushkar Chemicals & Fertilisers Limited,Microcap,396.0,6
SHRINGARMS,SHRINGAR HOUSE OF MANGALSUTRA LIMITED,Microcap,213.99,6
SHRIPISTON,SHRIRAM PISTONS & RINGS LTD,Microcap,3890.0,6
SINDHUTRAD,Sindhu Trade Links Limited,Microcap,25.25,6
SIS,SIS LIMITED,Microcap,446.35,6
SIYSIL,Siyaram Silk Mills Ltd.,Microcap,640.25,6
SKFINDUS,SKF INDIA (INDUSTRIAL) LIMITED,Smallcap,2845.2,6
SKMEGGPROD,SKM Egg Products Exports (India) Lt,Microcap,267.06,6
SMARTWORKS,SMARTWORKS COWORKING SPACES LIMITED,Microcap,484.75,6
SOBHA,Sobha Limited,Smallcap,1424.5,6
SOFTTECH,SoftTech Engineers Limited,Microcap,433.1,6
SOMANYCERA,Somany Ceramics Limited,Microcap,516.25,6
SONACOMS,Sona BLW Precision Forgings Limited,Smallcap,620.35,6
SPAL,S.P. Apparels Limited,Microcap,1040.15,6
SPECIALITY,Speciality Restaurants Limited,Microcap,135.0,6
SPECTRUM,Spectrum Electrical Industries Limited,Microcap,1789.9,6
SPLPETRO,Supreme Petrochem Ltd.,Smallcap,752.85,6
SPMLINFRA,SPML Infra Limited,Microcap,207.94,6
SPORTKING,Sportking India Ltd.,Microcap,183.0,6
SRF,SRF Ltd.,Midcap,2760.6,6
SRM,SRM CONTRACTORS LIMITED,Microcap,512.0,6
SSWL,Steel Strips & Wheels Ltd,Microcap,235.0,6
STAR,STRIDES PHARMA SCIENCE LIMITED,Microcap,1114.7,6
STARHEALTH,Star Health and Allied Insurance Company Limited,Smallcap,577.75,6
STCINDIA,State Trading Corporation of India,Microcap,133.27,6
STEELCAS,Steelcast Ltd.,Microcap,320.0,6
STEL,STEL Holdings Limited,Microcap,606.05,6
STOVEKRAFT,STOVE KRAFT LIMITED,Microcap,751.45,6
STYLAMIND,Stylam Industries Limited,Microcap,3270.9,6
STYRENIX,Styrenix Performance Materials Limited,Microcap,2344.6,6
SUBROS,Subros Ltd.,Microcap,821.45,6
SUDEEPPHRM,Sudeep Pharma Limited,Microcap,848.5,6
SUPRIYA,Supriya Lifescience Limited,Microcap,950.55,6
SURYODAY,Suryoday Small Finance Bank Limited,Microcap,173.88,6
SUZLON,SUZLON ENERGY LTD.,Midcap,58.7,6
SVLL,Shree Vasu Logistics Ltd.,Microcap,712.55,6
SWANDEF,SWAN DEFENCE AND HEAVY INDUSTRIES LIMITED,Microcap,2159.9,6
SWARAJENG,Swaraj Engines Ltd.,Microcap,3942.8,6
SYRMA,Syrma SGS Technology Limited,Smallcap,1391.5,6
TALBROAUTO,Talbros Automotive Components Ltd.,Microcap,387.0,6
TATACOMM,Tata Communications Limited,Midcap,2045.0,6
TENNIND,Tenneco Clean Air India Limited,Smallcap,597.8,6
TEXINFRA,Texmaco Infrastructure & Holdings Ltd,Microcap,108.01,6
TFCILTD,Tourism Finance Corpn. Of India Ltd,Microcap,77.2,6
THELEELA,Leela Palaces Hotels & Resorts Limited,Smallcap,483.0,6
THERMAX,Thermax Ltd.,Midcap,4789.2,6
TIIL,Technocraft Industries (India) Ltd.,Microcap,2628.7,6
TIMKEN,Timken India Ltd,Smallcap,3754.2,6
TINNARUBR,Tinna Rubber and Infrastructure Limited,Microcap,954.3,6
TNPETRO,Tamilnadu Petroproducts Ltd,Microcap,98.0,6
TPLPLASTEH,TPL Plastech Limited,Microcap,73.2,6
TRIVENI,Triveni Engineering & Industries Ltd,Microcap,419.15,6
UFBL,UNITED FOODBRANDS LIMITED,Microcap,718.85,6
UJJIVANSFB,Ujjivan Small Finance Bank Limited,Microcap,57.29,6
UNIPARTS,Uniparts India Limited,Microcap,677.45,6
UNITDSPR,United Spirits Limited,Midcap,1350.8,6
UNIVCABLES,Universal Cables Ltd.,Microcap,1279.0,6
VADILALIND,Vadilal Industries Ltd.,Microcap,6377.2,6
VARROC,Varroc Engineering Limited,Microcap,611.8,6
VENUSPIPES,Venus Pipes & Tubes Limited,Microcap,1680.4,6
VENUSREM,Venus Remedies Ltd.,Microcap,1856.5,6
VERANDA,Veranda Learning Solutions Limited,Microcap,240.1,6
VHL,Vardhman Holdings Limited,Microcap,3631.0,6
VIMTALABS,Vimta Labs Ltd.,Microcap,583.15,6
VISHNU,Vishnu Chemicals Limited,Microcap,617.6,6
VMART,V-Mart Retail Limited,Microcap,778.65,6
VOLTAMP,VOLTAMP TRANSFORMERS LIMITED,Microcap,10485.0,6
VSSL,Vardhman Special Steels Ltd,Microcap,286.4,6
VTL,Vardhman Textiles Limted,Smallcap,646.4,6
WABAG,VA Tech Wabag Limited,Microcap,2084.9,6
WANBURY,Wanbury Limited,Microcap,285.05,6
WEALTH,Wealth First Portfolio Managers Limited,Microcap,1001.95,6
WELCORP,Welspun Corp Limited,Smallcap,1410.0,6
WELENT,Welspun Enterprises Limited,Microcap,575.0,6
WELSPUNLIV,WELSPUN LIVING LIMITED,Smallcap,169.25,6
WEWORK,WeWork India Management Limited,Microcap,641.85,6
WHEELS,WHEELS INDIA LTD,Microcap,1607.1,6
WINDLAS,Windlas Biotech Limited,Microcap,868.15,6
XPROINDIA,Xpro India Ltd.,Microcap,1351.1,6
YATHARTH,YATHARTH HOSPITAL & TRAUMA CARE SERVICES LIMITED,Microcap,858.95,6
YESBANK,Yes Bank Ltd.,Midcap,25.0,6
ZFCVINDIA,ZF Commercial Vehicle Control Systems India Limited,Smallcap,2632.0,6
ZOTA,Zota Health Care Ltd.,Microcap,1387.3,6
ZYDUSLIFE,Zydus Lifesciences Limited,Midcap,1102.9,6
ZYDUSWELL,Zydus Wellness Limited,Smallcap,528.95,6
63MOONS,63 Moons Technologies Limited,Microcap,680.0,5
AARTIPHARM,Aarti Pharmalabs Limited,Microcap,711.0,5
ADVENZYMES,Advanced Enzyme Technologies Limited,Microcap,373.1,5
AEROFLEX,Aeroflex Industries Limited,Microcap,489.75,5
APCOTEXIND,Apcotex Industries Limited,Microcap,531.5,5
ARROWGREEN,Arrow Greentech Limited,Microcap,595.5,5
ASKAUTOLTD,ASK Automotive Limited,Microcap,459.7,5
ATHERENERG,Ather Energy Limited,Smallcap,989.85,5
BAJAJCON,BAJAJ CONSUMER CARE LIMITED,Microcap,598.7,5
BAJEL,Bajel Projects Limited,Microcap,201.86,5
BEPL,Bhansali Engineering Polymers Ltd.,Microcap,102.61,5
BERGEPAINT,Berger Paints India Ltd,Midcap,535.0,5
BHAGERIA,Bhageria Industries Limited,Microcap,222.1,5
BHARATSE,Bharat Seats Ltd,Microcap,185.71,5
BLISSGVS,Bliss GVS Pharma Limited,Microcap,462.25,5
CAMS,Computer Age Management Services Limited,Smallcap,804.1,5
CARBORUNIV,Carborundum Universal Ltd.,Smallcap,1164.9,5
CARERATING,CARE Ratings Limited,Microcap,1676.5,5
CERA,Cera Sanitaryware Ltd.,Microcap,6357.5,5
CHENNPETRO,Chennai Petroleum Corporation Ltd.,Smallcap,1128.6,5
CHOLAHLDNG,CHOLAMANDALAM FINANCIAL HOLDINGS LIMITED,Midcap,1638.1,5
CREST,CREST VENTURES LIMITED,Microcap,393.0,5
CYIENTDLM,Cyient DLM Limited,Microcap,464.8,5
DATAPATTNS,Data Patterns (India) Limited,Smallcap,4681.3,5
DBOL,Dhampur Bio Organics Limited,Microcap,113.8,5
DIACABS,Diamond Power Infrastructure Limited,Microcap,204.32,5
DREDGECORP,Dredging Corporation of India Ltd.,Microcap,1173.0,5
DYCL,Dynamic Cables Limited,Microcap,352.5,5
ELGIEQUIP,Elgi Equipments Ltd.,Smallcap,608.0,5
EMKAY,Emkay Global Financial Services Ltd,Microcap,287.71,5
EPACKPEB,Epack Prefab Technologies Limited,Microcap,250.8,5
EPL,EPL LIMITED,Microcap,230.16,5
EUROPRATIK,EURO PRATIK SALES LIMITED,Microcap,276.25,5
FCL,Fineotex Chemical Limited,Microcap,43.1,5
FILATEX,Filatex India Ltd.,Microcap,53.76,5
FINCABLES,Finolex Cables Ltd.,Smallcap,1137.8,5
GALLANTT,GALLANTT ISPAT LIMITED,Smallcap,719.9,5
GARFIBRES,GARWARE TECHNICAL FIBRES LIMITED,Microcap,746.55,5
GNFC,Gujarat Narmada Valley Fert.Co.Ltd,Microcap,558.45,5
GOCLCORP,GOCL Corporation Limited,Microcap,423.55,5
GRSE,Garden Reach Shipbuilders & Engineers Limited,Smallcap,2784.6,5
GRWRHITECH,GARWARE HI-TECH FILMS LIMITED,Microcap,6684.5,5
HARSHA,Harsha Engineers International Limited,Microcap,429.55,5
HMVL,Hindustan Media Ventures Limited,Microcap,84.92,5
INTERARCH,Interarch Building Solutions Limited,Microcap,1944.2,5
INTLCONV,International Conveyors Ltd.,Microcap,82.55,5
ITI,ITI Limited (Indian Teleph.Ind.Ltd),Smallcap,307.2,5
IZMO,IZMO Limited,Microcap,1017.2,5
J&KBANK,Jammu and Kashmir Bank Ltd.,Microcap,160.61,5
JBMA,JBM Auto Limited,Smallcap,703.45,5
JKCEMENT,J.K. CEMENT LTD,Midcap,5501.0,5
JPOLYINVST,JINDAL POLY INVESTMENT AND FINANCE COMPANY LIMITED,Microcap,1092.1,5
JSWENERGY,JSW Energy Limited,Midcap,571.85,5
KIMS,Krishna Institute of Medical Sciences Limited,Smallcap,798.2,5
KIRLPNU,Kirloskar Pneumatic Co.Ltd.,Microcap,1925.1,5
KRISHIVAL,KRISHIVAL FOODS LIMITED,Microcap,405.0,5
KRISHNADEF,Krishna Defence and Allied Industries Ltd.,Microcap,1310.9,5
LALPATHLAB,Dr. Lal Pathlabs Limited,Smallcap,1653.8,5
MAYURUNIQ,Mayur Uniquoters ltd.,Microcap,803.2,5
MENONBE,Menon Bearings Ltd,Microcap,170.27,5
MFSL,Max Financial Services Limited,Midcap,1668.3,5
MIDHANI,Mishra Dhatu Nigam Limited,Microcap,436.7,5
MOTILALOFS,Motilal Oswal Financial Services Limited,Midcap,938.15,5
MSPL,MSP STEEL & POWER LTD.,Microcap,42.67,5
NAM-INDIA,NIPPON LIFE INDIA ASSET MANAGEMENT LIMITED,Midcap,1164.0,5
NAVA,NAVA LIMITED,Smallcap,612.8,5
NAZARA,Nazara Technologies Limited,Microcap,294.4,5
NBCC,NBCC (India) Limited,Smallcap,109.16,5
NELCAST,Nelcast Limited,Microcap,138.82,5
NELCO,Nelco Ltd,Microcap,856.65,5
NIACL,The New India Assurance Company Limited,Smallcap,190.64,5
NIBE,NIBE LIMITED,Microcap,1740.0,5
NLCINDIA,NLC India Limited,Smallcap,325.55,5
OCCLLTD,OCCL Limited,Microcap,129.3,5
PANAMAPET,Panama Petrochem Ltd.,Microcap,449.2,5
PARADEEP,Paradeep Phosphates Limited,Smallcap,135.54,5
PARAS,Paras Defence and Space Technologies Limited,Microcap,1293.0,5
PNBGILTS,PNB Gilts Ltd,Microcap,91.13,5
POLICYBZR,PB Fintech Limited,Midcap,1639.6,5
POWERMECH,Power Mech Projects Limited,Microcap,2799.4,5
PREMEXPLN,Premier Explosives Ltd.,Microcap,746.85,5
PRIMESECU,Prime Securities Ltd.,Microcap,299.55,5
PRUDENT,Prudent Corporate Advisory Services Limited,Microcap,3010.1,5
PVP,PVP Ventures Ltd,Microcap,30.08,5
PYRAMID,Pyramid Technoplast Limited,Microcap,172.34,5
QPOWER,QUALITY POWER ELECTRICAL EQUIPMENTS LIMITED,Microcap,1273.8,5
RAINBOW,Rainbow Children's Medicare Limited,Smallcap,1435.9,5
RAMAPHO,Rama Phosphates Ltd.,Microcap,134.01,5
RANEHOLDIN,Rane Holdings Ltd.,Microcap,1590.2,5
RATEGAIN,RateGain Travel Technologies Limited,Microcap,850.45,5
RICOAUTO,RICO Auto Industries Ltd.,Microcap,142.2,5
RPEL,RAGHAV PRODUCTIVITY ENHANCERS LIMITED,Microcap,1177.6,5
RUBYMILLS,Ruby Mills Ltd.,Microcap,334.0,5
SAILIFE,Sai Life Sciences Limited,Smallcap,1209.8,5
SANGHVIMOV,Sanghvi Movers Ltd.,Microcap,417.3,5
SEJALLTD,SEJAL GLASS LIMITED,Microcap,767.9,5
SENORES,SENORES PHARMACEUTICALS LIMITED,Microcap,1281.9,5
SGFIN,SG FINSERVE LIMITED,Microcap,587.4,5
SGIL,Synergy Green Industries Limited,Microcap,581.25,5
SHREEJISPG,Shreeji Shipping Global Limited,Microcap,489.6,5
SHRIRAMPPS,Shriram Properties Limited,Microcap,89.7,5
SMCGLOBAL,SMC Global Securities Limited,Microcap,72.63,5
SMLMAH,SML Mahindra Limited,Microcap,4048.0,5
SMSPHARMA,SMS Pharmaceuticals Ltd,Microcap,379.3,5
SOTL,Savita Oil Technologies Limited,Microcap,581.45,5
STALLION,Stallion India Fluorochemicals Limited,Microcap,190.67,5
STLNETWORK,STL Networks Limited,Microcap,28.3,5
SUPRAJIT,Suprajit Engineering Ltd.,Microcap,468.5,5
TBOTEK,TBO TEK LIMITED,Smallcap,1442.1,5
TBZ,Tribhovandas Bhimji Zaveri Limited,Microcap,188.57,5
TDPOWERSYS,TD Power Systems Ltd,Microcap,1273.5,5
THANGAMAYL,Thangamayil Jewellery Limited,Microcap,5450.0,5
THYROCARE,Thyrocare Technologies Limited,Microcap,543.2,5
TIINDIA,Tube Investments of India Ltd,Midcap,3233.2,5
TITAGARH,TITAGARH RAIL SYSTEMS LIMITED,Microcap,906.45,5
TRAVELFOOD,TRAVEL FOOD SERVICES LIMITED,Smallcap,1330.0,5
TVSELECT,TVS Electronics Ltd.,Microcap,474.1,5
TVSSRICHAK,TVS Srichakra Ltd.,Microcap,4150.1,5
UNIMECH,Unimech Aerospace and Manufacturing Limited,Microcap,1157.85,5
VISASTEEL,Visa Steel Limited,Microcap,44.31,5
WAAREERTL,WAAREE RENEWABLE TECHNOLOGIES LIMITED,Microcap,983.75,5
WALCHANNAG,Walchandnagar Industries Ltd,Microcap,287.3,5
WOCKPHARMA,Wockhardt Ltd,Smallcap,1990.0,5
YASHO,YASHO INDUSTRIES LIMITED,Microcap,2757.0,5
ANGELONE,ANGEL ONE LIMITED,Smallcap,343.3,4
ANTHEM,Anthem Biosciences Limited,Midcap,774.35,4
ARSSBL,ANAND RATHI SHARE AND STOCK BROKERS LIMITED,Microcap,547.15,4
ASHAPURMIN,Ashapura Minechem Ltd,Microcap,697.7,4
ATGL,ADANI TOTAL GAS LIMITED,Midcap,717.3,4
ATUL,Atul Limited.,Smallcap,6592.5,4
AVANTEL,Avantel Limited,Microcap,171.59,4
BALAMINES,Balaji Amines Ltd.,Microcap,2074.1,4
BANCOINDIA,Banco Products (India) Ltd.,Microcap,665.85,4
BGRENERGY,BGR ENERGY SYSTEMS LIMITED,Microcap,328.25,4
BLSE,BLS E-Services Limited,Microcap,225.65,4
CDSL,Central Depository Services (India) Ltd.,Smallcap,1335.3,4
CHAMBLFERT,Chambal Fertilisers & Chemicals Ltd,Smallcap,477.5,4
COMSYN,Commercial Syn Bags Limited,Microcap,164.15,4
CRAFTSMAN,Craftsman Automation Limited,Smallcap,9289.5,4
DEEDEV,DEE DEVELOPMENT ENGINEERS LIMITED,Microcap,675.0,4
DSSL,Dynacons Systems & Solutions Ltd.,Microcap,1397.0,4
ELECON,Elecon Engineering Co.Ltd.,Smallcap,538.0,4
EMMVEE,Emmvee Photovoltaic Power Limited,Smallcap,329.1,4
GKWLIMITED,GKW Ltd.,Microcap,1820.0,4
GOLDIAM,Goldiam International Ltd.,Microcap,461.35,4
GRANULES,Granules India Ltd.,Smallcap,771.95,4
GVT&D,GE Vernova T&D India Limited,Midcap,5126.5,4
HONASA,Honasa Consumer Limited,Microcap,406.5,4
HSCL,Himadri Speciality Chemical Ltd.,Smallcap,655.45,4
ICICIGI,ICICI Lombard General Insurance Company Limited,Midcap,1826.5,4
IDEA,VODAFONE IDEA LIMITED,Midcap,14.46,4
IFCI,IFCI Ltd.,Smallcap,80.25,4
ITDC,India Tourism Development Corporati,Microcap,600.5,4
KEI,KEI Industries Ltd.,Midcap,5424.0,4
KSHINTL,KSH INTERNATIONAL LIMITED,Microcap,849.8,4
LINDEINDIA,Linde India Limited,Midcap,7143.0,4
LMW,LMW Limited,Smallcap,16085.0,4
MANALIPETC,Manali Petrochemicals Ltd.,Microcap,64.93,4
MGEL,MANGALAM GLOBAL ENTERPRISE LIMITED,Microcap,15.79,4
MMTC,MMTC Ltd.,Microcap,72.05,4
MTARTECH,MTAR Technologies Limited,Microcap,7809.0,4
MUNJALAU,Munjal Auto Industries Ltd.,Microcap,95.67,4
NDRAUTO,NDR Auto Components Limited,Microcap,822.0,4
NEOGEN,Neogen Chemicals Limited,Microcap,1929.5,4
PARACABLES,Paramount Communications Ltd.,Microcap,67.12,4
PIXTRANS,Pix Transmissions Ltd.,Microcap,1604.5,4
PREMIERENE,Premier Energies Limited,Midcap,1056.9,4
SASKEN,Sasken Technologies Limited,Microcap,2277.3,4
SCHAEFFLER,Schaeffler India Limited,Midcap,4170.3,4
SGMART,SG MART LIMITED,Microcap,591.25,4
SHAILY,Shaily Engineering Plastics Ltd.,Microcap,2834.0,4
SJS,S.J.S. Enterprises Limited,Microcap,2134.0,4
SKIPPER,Skipper Limited,Microcap,541.0,4
SOLARA,SOLARA ACTIVE PHARMA SCIENCES LIMITED,Microcap,570.2,4
SOUTHBANK,South Indian Bank Ltd.,Microcap,45.54,4
SPARC,Sun Pharma Advanced Research Company Ltd.,Microcap,228.42,4
STEELXIND,Steel Exchange India Ltd.,Microcap,12.55,4
STLTECH,Sterlite Technologies Limited.,Microcap,584.4,4
TMB,Tamilnad Mercantile Bank Limited,Microcap,764.85,4
VIJAYA,Vijaya Diagnostic Centre Limited,Microcap,1303.9,4
VINCOFE,VINTAGE COFFEE AND BEVERAGES LIMITED,Microcap,155.44,4
VINDHYATEL,Vindhya Telelinks Ltd.,Microcap,2158.6,4
WINDMACHIN,Windsor Machines Limited,Microcap,310.4,4
ZENTEC,Zen Technologies Ltd.,Smallcap,1876.6,4
ZUARI,ZUARI AGRO CHEMICALS LIMITED,Microcap,235.0,4
360ONE,360 ONE WAM LIMITED,Midcap,1105.7,3
AARTIIND,Aarti Industries Ltd,Smallcap,467.8,3
ANTELOPUS,Antelopus Selan Energy Limited,Microcap,794.8,3
APOLLO,Apollo Micro Systems Limited,Microcap,397.35,3
APOLLOPIPE,APOLLO PIPES LIMITED,Microcap,488.5,3
ARFIN,Arfin India Limited,Microcap,91.98,3
ARMANFIN,Arman Financial Services Limited,Microcap,1643.3,3
ASTERDM,Aster DM Healthcare Limited,Smallcap,760.3,3
ATLANTAELE,Atlanta Electricals Limited,Microcap,1851.4,3
BALRAMCHIN,Balrampur Chini Mills Ltd.,Microcap,535.85,3
BBOX,BLACK BOX LIMITED,Microcap,981.2,3
BEML,BEML Ltd,Smallcap,1763.8,3
BSE,BSE Ltd.,Midcap,3912.1,3
DEEPINDS,Deep Industries Limited,Microcap,481.75,3
DIAMONDYD,Prataap Snacks Limited,Microcap,1100.0,3
DYNAMATECH,Dynamatic Technologies Ltd.,Microcap,10626.0,3
FACT,Fertilizers and Chemicals Travancore Limited,Midcap,893.0,3
GCSL,Gretex Corporate Services Limited,Microcap,418.0,3
GKSL,GUJARAT KIDNEY AND SUPER SPECIALITY LIMITED,Microcap,127.67,3
GULPOLY,Gulshan Polyols Ltd.,Microcap,200.1,3
HUDCO,Housing &Urban Development Corporation Ltd.,Midcap,208.12,3
IDEAFORGE,IDEAFORGE TECHNOLOGY LIMITED,Microcap,825.0,3
IIFLCAPS,IIFL CAPITAL SERVICES LIMITED,Microcap,340.2,3
JGCHEM,J.G.Chemicals Limited,Microcap,424.5,3
JSFB,JANA SMALL FINANCE BANK LIMITED,Microcap,462.6,3
KINGFA,Kingfa Science & Technology (India) Ltd,Microcap,5064.0,3
KIOCL,KIOCL Limited,Smallcap,397.95,3
KRN,KRN HEAT EXCHANGER AND REFRIGERATION LIMITED,Microcap,1183.0,3
KTKBANK,Karnataka Bank Ltd.,Microcap,266.85,3
LLOYDSME,Lloyds Metals and Energy Limited,Midcap,1723.0,3
MAXESTATES,Max Estates Limited,Microcap,439.6,3
MOSCHIP,MOSCHIP TECHNOLOGIES LIMITED,Microcap,210.14,3
MWL,Mangalam Worldwide Ltd.,Microcap,371.35,3
NEPHROPLUS,Nephrocare Health Services Limited,Microcap,685.4,3
ONEPOINT,One Point One Solutions Ltd.,Microcap,57.79,3
POWERINDIA,HITACHI ENERGY INDIA LIMITED,Midcap,34455.0,3
PRECOT,Precot Ltd.,Microcap,720.05,3
RAIN,Rain Industries Limited,Microcap,187.56,3
SAMMAANCAP,Sammaan Capital Limited,Smallcap,172.5,3
SANDHAR,Sandhar Technologies Limited,Microcap,681.2,3
SEAMECLTD,Seamec Ltd,Microcap,1427.8,3
SHANTIGOLD,SHANTI GOLD INTERNATIONAL LIMITED,Microcap,220.5,3
SHYAMMETL,Shyam Metalics and Energy Limited,Smallcap,950.85,3
SIMPLEXINF,Simplex Infrastructures Limited,Microcap,253.1,3
SKYGOLD,Sky Gold And Diamonds Limited,Microcap,501.3,3
SUNFLAG,Sunflag Iron & Steel Co. Ltd.,Microcap,344.05,3
SUVEN,Suven Life Sciences Ltd.,Microcap,253.3,3
TERASOFT,Tera Software Ltd.,Microcap,410.4,3
TIPSMUSIC,TIPS MUSIC LIMITED,Microcap,639.8,3
TRITURBINE,Triveni Turbine Limited,Smallcap,675.5,3
UNITEDPOLY,United Polyfab Gujarat Ltd.,Microcap,32.6,3
UTLSOLAR,Fujiyama Power Systems Limited,Microcap,308.0,3
V2RETAIL,V2 Retail Limited,Microcap,230.84,3
VIDYAWIRES,VIDYA WIRES LIMITED,Microcap,98.87,3
WEBELSOLAR,Websol Energy System Limited,Microcap,102.57,3
WSTCSTPAPR,West Coast Paper Mills Limited,Microcap,495.65,3
AGIIL,AGI Infra Limited,Microcap,355.95,2
ANANTRAJ,Anant Raj Limited,Smallcap,524.9,2
APEX,Apex Frozen Foods Limited,Microcap,412.4,2
AXISCADES,AXISCADES TECHNOLOGIES LIMITED,Microcap,1780.7,2
AYMSYNTEX,AYM Syntex Limited,Microcap,214.52,2
AZAD,Azad Engineering Limited,Microcap,2023.1,2
BHARATWIRE,Bharat Wire Ropes Limited,Microcap,207.48,2
BODALCHEM,Bodal Chemicals Ltd,Microcap,66.97,2
CONSOFINVT,Consolidated Finvest & Holdings Ltd.,Microcap,223.0,2
DHARMAJ,Dharmaj Crop Guard Limited,Microcap,265.0,2
FEDFINA,Fedbank Financial Services Limited,Microcap,150.67,2
FIEMIND,FIEM INDUSTRIES LIMITED,Microcap,2221.6,2
GOKULAGRO,Gokul Agro Resources Ltd,Microcap,220.46,2
GUJALKALI,Gujarat Alkalis & Chemicals Ltd.,Microcap,628.0,2
JPPOWER,Jaiprakash Power Ventures Limited,Smallcap,18.07,2
JUBLPHARMA,JUBILANT PHARMOVA LIMITED,Smallcap,966.25,2
MMFL,M.M.Forgings Ltd.,Microcap,449.6,2
MODINATUR,Modi Naturals Limited,Microcap,400.0,2
MUKANDLTD,Mukand Ltd.,Microcap,134.6,2
NMDC,NMDC Ltd,Midcap,86.46,2
NSLNISP,NMDC Steel Limited,Smallcap,44.75,2
PTC,PTC India Ltd,Microcap,185.36,2
PTCIL,PTC Industries Ltd.,Smallcap,17360.0,2
RHETAN,Rhetan TMT Limited,Microcap,27.39,2
ROSSTECH,Rossell Techsys Limited,Microcap,944.6,2
RPSGVENT,RPSG VENTURES LIMITED,Microcap,862.45,2
TEGA,Tega Industries Limited,Smallcap,1737.2,2
USHAMART,Usha Martin Ltd.,Smallcap,464.75,2
